{
 "0.10": {
  "4/3": 0.20410485014855212,
  "9/8": 0.1142987160831892,
  "1/1": 0.0,
  "5/4": 0.11339158341586227,
  "16/9": 0.10205242507427606,
  "2/1": 0.0,
  "5/3": 0.10505396698822535,
  "8/5": 0.10132864900991949,
  "3/2": 0.25976980927997545
 },
 "0.09": {
  "4/3": 0.1864621480612096,
  "9/8": 0.10441880291427738,
  "1/1": 0.0,
  "5/4": 0.10359008225622753,
  "6/5": 0.0864394063859912,
  "16/9": 0.0932310740306048,
  "2/1": 0.0,
  "5/3": 0.09597316444326963,
  "8/5": 0.09256986073960759,
  "3/2": 0.2373154611688122
 },
 "0.08": {
  "1/1": 0.0,
  "9/8": 0.08096908163876021,
  "9/5": 0.05750645002752854,
  "16/9": 0.07229382289175018,
  "5/3": 0.07442011180033106,
  "15/8": 0.055917874059917265,
  "6/5": 0.06702738546254984,
  "2/1": 0.0,
  "3/2": 0.18402064008809138,
  "4/3": 0.14458764578350036,
  "5/4": 0.08032646987972242,
  "27/16": 0.05622852891580569,
  "7/4": 0.05492088870846137,
  "8/5": 0.07178110074358174
 },
 "0.07": {
  "1/1": 0.0,
  "9/8": 0.06448229026116,
  "10/9": 0.04220045174159685,
  "16/15": 0.041123909605331625,
  "9/5": 0.045797081151392034,
  "16/9": 0.05757347344746428,
  "5/3": 0.059266810901801456,
  "15/8": 0.044531968412403304,
  "6/5": 0.05337937935526489,
  "2/1": 0.0,
  "3/2": 0.14655065968445455,
  "32/27": 0.041334801449461535,
  "4/3": 0.11514694689492856,
  "5/4": 0.06397052605273808,
  "7/6": 0.03851331329591467,
  "27/16": 0.04477936823691665,
  "7/4": 0.04373798758024417,
  "8/5": 0.05716515094074467,
  "8/7": 0.04044588098818279
 },
 "0.06": {
  "1/1": 0.0,
  "9/8": 0.05522250798633341,
  "10/9": 0.03614038480780982,
  "16/15": 0.035218436215773856,
  "12/7": 0.03077687547009027,
  "14/9": 0.02769036933412133,
  "9/5": 0.03922053124029361,
  "16/9": 0.0493058107020834,
  "9/7": 0.029463228346366905,
  "5/3": 0.05075598160508584,
  "15/8": 0.03813709115078273,
  "6/5": 0.045713996677428315,
  "2/1": 0.0,
  "3/2": 0.12550569996893957,
  "32/27": 0.03539904358098295,
  "4/3": 0.0986116214041668,
  "81/64": 0.027611253993166704,
  "5/4": 0.05478423411342599,
  "7/6": 0.03298272661299776,
  "27/16": 0.03834896387939819,
  "7/4": 0.037457127510109864,
  "27/20": 0.028060217472730388,
  "8/5": 0.0489561241013594,
  "8/7": 0.03463777382655321
 },
 "0.05": {
  "32/25": 0.018981182000218998,
  "1/1": 0.0,
  "9/8": 0.040543804752467785,
  "10/7": 0.01910383907291831,
  "10/9": 0.026533903633813992,
  "16/15": 0.025857018337033022,
  "12/7": 0.02259606952764924,
  "32/21": 0.01882006851905003,
  "128/81": 0.01912443620399424,
  "7/5": 0.020248760935165127,
  "14/9": 0.020329988056395017,
  "40/27": 0.019417531011718288,
  "64/45": 0.01905253982728749,
  "9/5": 0.02879531587533223,
  "16/9": 0.036199825671846236,
  "9/7": 0.02163160314537153,
  "25/24": 0.018295940772774265,
  "21/16": 0.019930241100229947,
  "5/3": 0.03726452642690053,
  "15/8": 0.027999865160544046,
  "45/32": 0.02019113782493415,
  "6/5": 0.033562752278532934,
  "25/18": 0.017658451547242063,
  "2/1": 0.0,
  "3/2": 0.09214501080106315,
  "32/27": 0.02598961843106909,
  "4/3": 0.07239965134369247,
  "81/64": 0.020271902376233893,
  "25/16": 0.020111014262136795,
  "5/4": 0.04022202852427359,
  "27/14": 0.017518927979461387,
  "7/6": 0.024215583043282803,
  "27/16": 0.028155419966991512,
  "7/4": 0.027500642758456824,
  "48/25": 0.01735608080157011,
  "27/20": 0.020601526805115743,
  "8/5": 0.03594308931956364,
  "8/7": 0.025430701905669754
 },
 "0.04": {
  "9/8": 0.02647502439529827,
  "1/1": 0.0,
  "256/243": 0.010341806404413385,
  "81/50": 0.009017378881232378,
  "5/3": 0.024333662128031494,
  "45/32": 0.013184773105228219,
  "11/9": 0.009382257356581216,
  "35/32": 0.010173757727661827,
  "27/16": 0.018385433607846016,
  "7/5": 0.013222400882355012,
  "14/9": 0.01327544203202635,
  "10/7": 0.012474769168490026,
  "11/8": 0.010415782129766842,
  "16/11": 0.009946218181293745,
  "36/25": 0.010958205461630077,
  "7/6": 0.015812727881150842,
  "27/20": 0.013452756298423916,
  "9/5": 0.0188032843716607,
  "16/9": 0.023638414638659167,
  "48/25": 0.01133348647059001,
  "15/14": 0.01084026501913242,
  "16/15": 0.01688458188475655,
  "12/7": 0.014755188755341389,
  "32/21": 0.012289467557499194,
  "81/80": 0.010472715346241402,
  "135/128": 0.010309588938979077,
  "64/35": 0.009725292336643989,
  "81/64": 0.013237512197649135,
  "8/5": 0.023470766307888535,
  "35/24": 0.009870322260709835,
  "160/81": 0.009998120995203271,
  "25/24": 0.011947213174773584,
  "21/16": 0.013014408059486506,
  "35/27": 0.00893736355936959,
  "64/63": 0.010205130548848449,
  "27/14": 0.01143982535599308,
  "28/15": 0.010332580885765379,
  "27/25": 0.01060698092760347,
  "11/6": 0.010097963534961195,
  "35/18": 0.009584462699994202,
  "128/75": 0.009820112906267902,
  "63/32": 0.010700067596252185,
  "81/56": 0.00921099258285725,
  "128/81": 0.012488219054385977,
  "75/64": 0.010277571582025724,
  "256/135": 0.009849339432774652,
  "18/11": 0.00899954475736344,
  "5/4": 0.026264905154065737,
  "64/45": 0.012441270862452192,
  "15/8": 0.0182838566265872,
  "28/27": 0.010875890303232856,
  "7/4": 0.017957865384407735,
  "40/21": 0.009870322260709835,
  "3/2": 0.060170509989314246,
  "4/3": 0.047276829277318334,
  "45/28": 0.009185426782666923,
  "50/27": 0.010120422169456522,
  "10/9": 0.017326586646137607,
  "40/27": 0.012679609384721393,
  "6/5": 0.021916410923260153,
  "25/18": 0.011530933970077642,
  "243/160": 0.008920156467418552,
  "12/11": 0.009656010223749366,
  "32/25": 0.0123946743423681,
  "112/81": 0.00884184975033816,
  "9/7": 0.01412539411334511,
  "48/35": 0.009447653485271606,
  "25/14": 0.009160002509247124,
  "25/16": 0.013132452577032869,
  "243/128": 0.010850419834138635,
  "2/1": 0.0,
  "32/27": 0.016971169484165556,
  "8/7": 0.016606198097409305
 },
 "0.03": {
  "1/1": 0.0,
  "35/32": 0.005133555826984113,
  "112/75": 0.0037417114654426454,
  "729/640": 0.003786558671215687,
  "243/140": 0.003476831236776569,
  "39/32": 0.0037331626589990593,
  "27/14": 0.005772398329897691,
  "33/20": 0.003806174080826211,
  "49/27": 0.0038963688726809413,
  "1024/675": 0.0036144423679786097,
  "98/81": 0.0034532072726862107,
  "4/3": 0.023855319628658826,
  "1215/1024": 0.003744108461897125,
  "16/9": 0.011927659814329413,
  "15/14": 0.005469867392626496,
  "225/128": 0.004429369692323919,
  "28/15": 0.005213696082980742,
  "1024/567": 0.003596648190167023,
  "18/11": 0.004541062080115524,
  "15/8": 0.009225814221028274,
  "2187/1280": 0.0033666781733994317,
  "88/45": 0.0033821756792611476,
  "400/243": 0.003694407907093181,
  "11/7": 0.003910589197033791,
  "135/112": 0.003880845490718069,
  "54/49": 0.0037646076064550157,
  "64/39": 0.0036120367490980916,
  "49/40": 0.003714364988256378,
  "216/125": 0.0036862524812497077,
  "2048/1215": 0.003622282806954702,
  "6/5": 0.011058757443749125,
  "243/160": 0.004501003703520533,
  "175/96": 0.003620039212772631,
  "14/11": 0.003777880793256091,
  "11/8": 0.005255678430348296,
  "55/36": 0.0034881496608559237,
  "64/45": 0.006277715691752322,
  "189/100": 0.0033647399591372547,
  "27/22": 0.004095562121308204,
  "50/27": 0.005106643345584458,
  "25/16": 0.0066264776746274515,
  "5/3": 0.012278473338280277,
  "189/128": 0.004402676692294849,
  "256/225": 0.004259878505117647,
  "13/9": 0.004050063593671554,
  "49/48": 0.004087100216098889,
  "160/81": 0.005044931643523014,
  "192/125": 0.003994909985660569,
  "6561/4096": 0.0033397447480122363,
  "42/25": 0.004161305310802002,
  "140/81": 0.0037927016930703514,
  "63/40": 0.004449602823769633,
  "675/512": 0.0037357323803268853,
  "81/49": 0.003563752017695983,
  "8/7": 0.008379287898238583,
  "49/30": 0.0036335426229539398,
  "13/10": 0.003766847277820498,
  "81/44": 0.00360876151553385,